CID,Source CID,CTI,Item ID,Item Type,Power,Deck ID,Series Icon,Series Index,Series Count,Season,ArtistRef,SongRef,TypeRef,GenreRef,Print ID,
s02_c228_i16_heartofglass_lead,LIC_0174_Lead,22,i16,Playlist,3,16,fantastic,3,15,2,Blondie,Heart Of Glass,Lead,genre_rock,S02 C228,
s02_c028_i02_allidoiswin_bass,LIC_0023_Bass,189,i02,Playlist,3,2,energy,13,15,2,DJ Khaled,All I Do Is Win (ft. T-Pain),Bass,genre_hiphop,S02 C028,
s01_c089_i03_layitdown_fx,FX_0025,210,i03,Playlist,2,6,mirrors,14,15,1,Lay It Down,fx_action_loop,FX,genre_fx,S01 C089,
s01_c227_i13_wishinihaditnow_lead,HMX_0043_Lead,315,i13,Discovery,1,16,puff,2,15,1,Billzantium,Wishin' I Had It Now,Lead,genre_electronic,S01 C227,
s01_c182_i10_thenightporter_lead,HMX_0045_Lead,362,i10,Discovery,1,13,dapper,2,15,1,Winnage,The Night Porter,Lead,genre_electronic genre_rnb,S01 C182,
s02_c248_i12_interlace_beat,HMX_0064_Beat,376,i12,Playlist,3,17,baffler,16,12,2,The Terahertz Gap,Interlace,Beat,genre_electronic,S02 C248,
s02_c191_i13_slurp_beat,HMX_0060_Beat,482,i13,Playlist,3,13,instinct,11,15,2,Brain Beater,Power Sick,Beat,genre_electronic,S02 C191,
s01_c223_i12_shortskirtlongjacket_bass,LIC_0113_Bass,671,i12,Discovery,3,15,hightower,13,15,1,CAKE,Short Skirt/Long Jacket,Bass,genre_rock,S01 C223,
s02_c054_i04_daysaheaddaysbehind_beat,HMX_0046_Beat,712,i04,Playlist,1,4,flora,9,15,2,Some Lover,"Days Ahead, Days Behind",Beat,genre_country genre_rock,S02 C054,
s01_c196_i11_september_wild,LIC_0011_Wild,724,i11,Discovery,2,14,seer,1,15,1,"Earth, Wind & Fire",September,Wild,genre_electronic genre_rnb,S01 C196,
s01_c224_i12_bottomline_fx,FX_0011,838,i12,Discovery,2,15,hightower,14,15,1,Bottom Line,fx_action_bass,FX,genre_fx,S01 C224,
s02_c030_i02_cooldown_fx,FX_0054,879,i02,Playlist,3,2,energy,15,15,2,Cool Down,fx_score_plus1,FX,genre_fx,S02 C030,
s01_c308_i08_cellosuiteno1ingmajor_bass,HMX_0052_Bass,923,i08,Playlist,3,21,baffler,8,,1,J.S. Bach,Cello Suite No. 1 in G major,Bass,,S01 C308,
s01_c038_i01_justabouttosnap_beat,HMX_0020_Beat,1279,i01,Starter,1,3,theblade,8,15,1,Pinhole Cage,Just About to Snap,Beat,genre_rock,S01 C038,
s02_c058_i04_ayo_bass,LIC_0009_Bass,1515,i04,Playlist,3,4,flora,13,15,2,Lady Gaga,A-YO,Bass,genre_pop,S02 C058,
s01_c104_i04_theshoreline_fx,FX_0035,1531,i04,Playlist,2,7,ouroboros,14,15,1,The Shoreline,fx_bonus_loop,FX,genre_fx,S01 C104,
s02_c123_i09_fireball_lead,LIC_0026_Lead,1543,i09,Playlist,3,9,verdant,3,15,2,Pitbull,Fireball (ft. John Ryan),Lead,genre_hiphop genre_latin,S02 C123,
s02_c059_i04_bittermedicine_fx,FX_0057,1734,i04,Playlist,2,4,flora,14,15,2,Bitter Medicine,fx_bonus_leadbass,FX,genre_fx,S02 C059,
s02_c033_i03_crankthat_lead,LIC_0033_Lead,1911,i03,Playlist,3,3,city,3,15,2,Soulja Boy Tell 'Em,Crank That (Soulja Boy),Lead,genre_hiphop,S02 C033,
s02_c239_i16_psychedelicfx2_fx,FX_0082_FX,2047,i16,Playlist,2,16,fantastic,14,15,2,Loop The Loop,fx_block_loop,FX,genre_fx,S02 C239,
s01_c212_i12_kingoftheworld_lead,LIC_0145_Lead,2071,i12,Discovery,1,15,hightower,2,15,1,Weezer,King Of The World,Lead,genre_pop genre_rock,S01 C212,
s02_c018_i02_screamshout_lead,LIC_0079_Lead,2084,i02,Playlist,3,2,energy,3,15,2,will.i.am,Scream & Shout (ft. Britney Spears),Lead,genre_electronic genre_pop,S02 C018,
s01_c133_i06_abileneanddown_bass,HMX_0002_Bass,2145,i06,Playlist,3,9,lucky,13,15,1,The Last Cavallard,Abilene and Down,Bass,genre_country,S01 C133,
s01_c228_i13_themotherweshare_lead,LIC_0048_Lead,2303,i13,Discovery,2,16,puff,3,15,1,CHVRCHES,The Mother We Share,Lead,genre_electronic,S01 C228,
s01_c257_i15_likeag6_lead,LIC_0136_Lead,2384,i15,Discovery,1,18,breaker,2,15,1,Far East Movement,Like A G6 (ft. The Cataracs & DEV),Lead,genre_electronic genre_hiphop,S01 C257,
s02_c179_i12_scififx1_fx,FX_0073_FX,2580,i12,Playlist,1,12,phase,14,15,2,Pattern Alpha,fx_bonus_synth2,FX,genre_fx,S02 C179,
s01_c175_i09_moonlab_beat,HMX_0025_Beat,2640,i09,Playlist,2,12,chiller,10,15,1,Lossage,Moon Lab,Beat,genre_electronic,S01 C175,
s01_c267_i15_idontlikeitiloveit_bass,LIC_0110_Bass,2808,i15,Discovery,2,18,breaker,12,15,1,Flo Rida,"I Don't Like It, I Love It (ft. Robin Thicke, Verdine White)",Bass,genre_hiphop genre_pop,S01 C267,
s01_c198_i11_itstricky_lead,LIC_0111_Lead,3006,i11,Discovery,2,14,seer,3,15,1,Run-D.M.C.,It's Tricky,Lead,genre_hiphop,S01 C198,
s02_c045_i03_overjoyed_fx,FX_0056,3277,i03,Playlist,3,3,city,15,15,2,Overjoyed,fx_bonus_vocals1,FX,genre_fx,S02 C045,
s01_c098_i04_inhonorof_beat,HMX_0036_Beat,3763,i04,Playlist,1,7,ouroboros,8,15,1,A Clutch of Heart Shards,In Honor Of...,Beat,genre_pop genre_rock,S01 C098,
s01_c304_i04_stealmysunshine_lead,LIC_0129_Lead,3793,i04,Playlist,3,21,baffler,4,,1,LEN,Steal My Sunshine,Lead,genre_hiphop genre_rock,S01 C304,
s01_c127_i06_houseparty_loop,LIC_0074_Loop,3844,i06,Playlist,3,9,lucky,7,15,1,Sam Hunt,House Party,Loop,genre_country,S01 C127,
s01_c055_i01_takeovercontrol_beat,LIC_0076_Beat,4657,i01,Starter,2,4,controller,10,15,1,Afrojack,Take Over Control (ft. Eva Simons),Beat,genre_electronic,S01 C055,
s01_c056_i01_barbrastreisand_beat,LIC_0090_Beat,4670,i01,Starter,3,4,controller,11,15,1,Duck Sauce,Barbra Streisand,Beat,genre_electronic,S01 C056,
s02_c127_i09_lacamisanegra_loop,LIC_0178_Loop,4754,i09,Playlist,3,9,verdant,7,15,2,Juanes,La Camisa Negra,Loop,genre_latin,S02 C127,
s01_c204_i11_noscrubs_beat,LIC_0143_Beat,4781,i11,Discovery,2,14,seer,9,15,1,TLC,No Scrubs,Beat,genre_pop genre_rnb,S01 C204,
s01_c157_i08_thegamegotyou_loop,HMX_0007_Loop,5144,i08,Playlist,3,11,bomb,7,15,1,Skrewbert,The Game Got You,Loop,genre_electronic,S01 C157,
s01_c277_i16_takemeout_loop,LIC_0045_Loop,5294,i16,Discovery,3,19,socket,7,15,1,Franz Ferdinand,Take Me Out,Loop,genre_rock,S01 C277,
s02_c037_i03_royceplease_loop,HMX_0008_Loop,5467,i03,Playlist,3,3,city,7,15,2,Beast Business,Royce Please,Loop,genre_hiphop,S02 C037,
s01_c026_i01_itstricky_beat,LIC_0111_Beat,5469,i01,Starter,3,2,highness,11,15,1,Run-D.M.C.,It's Tricky,Beat,genre_hiphop,S01 C026,
s01_c090_i03_bustitup_fx,FX_0038,5963,i03,Playlist,3,6,mirrors,15,15,1,Bust It Up,fx_bonus_drumsvocals,FX,genre_fx,S01 C090,
s01_c129_i06_homegrown_beat,LIC_0016_Beat,6100,i06,Playlist,1,9,lucky,9,15,1,Zac Brown Band,Homegrown,Beat,genre_country,S01 C129,
s01_c156_i08_betterwakeup_loop,HMX_0019_Loop,6178,i08,Playlist,2,11,bomb,6,15,1,Joliet,Better Wake Up,Loop,genre_hiphop,S01 C156,
s01_c238_i13_wishinihaditnow_bass,HMX_0043_Bass,6272,i13,Discovery,3,16,puff,13,15,1,Billzantium,Wishin' I Had It Now,Bass,genre_electronic,S01 C238,
s01_c284_i16_wildin_fx,FX_0042,6329,i16,Discovery,1,19,socket,14,15,1,Wildin',fx_clear_all,FX,genre_fx,S01 C284,
s01_c020_i01_temperature_loop,LIC_0124_Loop,6352,i01,Starter,1,2,highness,5,15,1,Sean Paul,Temperature,Loop,genre_hiphop genre_reggae,S01 C020,
s01_c135_i06_illomen_fx,FX_0019,6393,i06,Playlist,3,9,lucky,15,15,1,Ill Omen,fx_action_spin,FX,genre_fx,S01 C135,
s01_c181_i10_icantgoforthat_wild,LIC_0004_Wild,6525,i10,Discovery,2,13,dapper,1,15,1,Hall & Oates,I Can't Go For That (No Can Do),Wild,genre_pop,S01 C181,
s01_c078_i03_msjackson_lead,LIC_0125_Lead,6590,i03,Playlist,3,6,mirrors,3,15,1,OutKast,Ms. Jackson,Lead,genre_hiphop,S01 C078,
s01_c123_i06_saveahorse_lead,LIC_0097_Lead,6722,i06,Playlist,3,9,lucky,3,15,1,Big & Rich,Save a Horse (Ride a Cowboy),Lead,genre_country,S01 C123,
s02_c186_i13_gimmechocolate_loop,LIC_0022_Loop,6958,i13,Playlist,2,13,instinct,6,15,2,BABYMETAL,Gimme Chocolate!!,Loop,genre_rock,S02 C186,
s01_c253_i14_youdidntbutyouhadto_bass,HMX_0028_Bass,7134,i14,Discovery,3,17,fever,13,15,1,Francesca Sonora,You Didn't But You Had To,Bass,genre_pop,S01 C253,
s01_c128_i06_abileneanddown_beat,HMX_0002_Beat,7187,i06,Playlist,1,9,lucky,8,15,1,The Last Cavallard,Abilene and Down,Beat,genre_country,S01 C128,
s02_c019_i02_levels_loop,LIC_0017_Loop,7385,i02,Playlist,1,2,energy,4,15,2,Nick Jonas,Levels,Loop,genre_pop,S02 C019,
s02_c137_i10_679_lead,LIC_0057_Lead,7659,i10,Playlist,2,10,rhymer,2,15,2,Fetty Wap,679 (ft. Remy Boyz),Lead,genre_hiphop,S02 C137,
s01_c023_i01_atomichandbrake_beat,HMX_0022_Beat,7952,i01,Starter,1,2,highness,8,15,1,Bullwheel,Atomic Handbrake,Beat,genre_hiphop,S01 C023,
s01_c305_i06_didgeridoostomp_loop,HMX_0051_Loop,8126,i06,Playlist,3,21,baffler,5,,1,Connecticut River Boys,Didgeridoo Stomp,Loop,,S01 C305,
s02_c029_i02_warmup_fx,FX_0053,8226,i02,Playlist,3,2,energy,14,15,2,Warm Up,fx_cards_draw2both,FX,genre_fx,S02 C029,
s02_c022_i02_screamshout_loop,LIC_0079_Loop,8622,i02,Playlist,3,2,energy,7,15,2,will.i.am,Scream & Shout (ft. Britney Spears),Loop,genre_electronic genre_pop,S02 C022,
s01_c162_i08_pumpupthejam_bass,LIC_0095_Bass,8707,i08,Playlist,2,11,bomb,12,15,1,Technotronic,Pump Up The Jam,Bass,genre_electronic,S01 C162,
s01_c032_i01_bringmetolife_lead,LIC_0062_Lead,8787,i01,Starter,2,3,theblade,2,15,1,Evanescence,Bring Me To Life (ft. Paul McCoy),Lead,genre_rock,S01 C032,
s02_c142_i10_thebreaks_loop,LIC_0047_Loop,8818,i10,Playlist,3,10,rhymer,7,15,2,Kurtis Blow,The Breaks,Loop,genre_hiphop,S02 C142,
s01_c131_i06_everyrosehasitsthorn_beat,LIC_0106_Beat,9282,i06,Playlist,3,9,lucky,11,15,1,Poison,Every Rose Has Its Thorn,Beat,genre_rock,S01 C131,
s02_c190_i13_animalsm5_beat,LIC_0169_Beat,9430,i13,Playlist,2,13,instinct,10,15,2,Maroon 5,Animals,Beat,genre_pop,S02 C190,
s01_c290_i17_daysaheaddaysbehind_loop,HMX_0046_Loop,9638,i17,Discovery,1,20,moonlight,5,15,1,Some Lover,"Days Ahead, Days Behind",Loop,genre_country genre_rock,S01 C290,
s02_c175_i12_foranangel_beat,LIC_0156_Beat,9759,i12,Playlist,2,12,phase,10,15,2,Paul van Dyk,For An Angel (PvD Remix â€™09),Beat,genre_electronic,S02 C175,
s01_c244_i14_lamordidita_lead,LIC_0056_Lead,9940,i14,Discovery,3,17,fever,4,15,1,Ricky Martin,La Mordidita (ft. Yotuel),Lead,genre_latin genre_pop,S01 C244,
s01_c183_i10_sexyandiknowit_lead,LIC_0060_Lead,9977,i10,Discovery,2,13,dapper,3,15,1,LMFAO,Sexy And I Know It,Lead,genre_electronic genre_hiphop,S01 C183,
s02_c027_i02_unbelievable_bass,LIC_0021_Bass,10185,i02,Playlist,2,2,energy,12,15,2,EMF,Unbelievable,Bass,genre_rock,S02 C027,
s01_c012_i01_houseparty_bass,LIC_0074_Bass,10192,i01,Starter,2,1,sweets,12,15,1,Sam Hunt,House Party,Bass,genre_country,S01 C012,
s01_c042_i01_centuries_bass,LIC_0141_Bass,10457,i01,Starter,2,3,theblade,12,15,1,Fall Out Boy,Centuries,Bass,genre_pop genre_rock,S01 C042,
s01_c276_i16_emperorsnewclothes_loop,LIC_0146_Loop,10551,i16,Discovery,2,19,socket,6,15,1,Panic! At The Disco,Emperor's New Clothes,Loop,genre_pop genre_rock,S01 C276,
s02_c166_i12_satisfaction_wild,LIC_0160_Wild,10588,i12,Playlist,2,12,phase,1,15,2,Benny Benassi presents The Biz,Satisfaction,Wild,genre_electronic,S02 C166,
s01_c105_i04_thedepths_fx,FX_0039,10678,i04,Playlist,2,7,ouroboros,15,15,1,The Depths,fx_cards_draw2,FX,genre_fx,S01 C105,
s02_c021_i02_laserdome_loop,HMX_0011_Loop,10858,i02,Playlist,2,2,energy,6,15,2,Pseudoprime,Laser Dome,Loop,genre_electronic,S02 C021,
s01_c243_i14_poison_lead,LIC_0112_Lead,10935,i14,Discovery,2,17,fever,3,15,1,Bell Biv DeVoe,Poison,Lead,genre_rnb,S01 C243,
s01_c047_i01_closer_lead,LIC_0088_Lead,10952,i01,Starter,2,4,controller,2,15,1,The Chainsmokers,Closer (ft. Halsey),Lead,genre_electronic genre_pop,S01 C047,
s02_c244_i04_athousandmiles_loop,LIC_0024_Loop,11032,i04,Playlist,3,17,baffler,12,12,2,Vanessa Carlton,A Thousand Miles,Loop,genre_pop,S02 C244,
s01_c215_i12_parabola_loop,HMX_0021_Loop,11481,i12,Discovery,1,15,hightower,5,15,1,Black Astrolabe,Parabola,Loop,genre_rock,S01 C215,
s01_c297_i17_saveahorse_bass,LIC_0097_Bass,11516,i17,Discovery,2,20,moonlight,12,15,1,Big & Rich,Save a Horse (Ride a Cowboy),Bass,genre_country,S01 C297,
s02_c249_i13_animalsgarrix_loop,LIC_0149_Loop,11532,i13,Playlist,3,17,baffler,17,12,2,Martin Garrix,Animals,Loop,genre_electronic,S02 C249,
s01_c092_i04_shutupanddance_lead,LIC_0042_Lead,11570,i04,Playlist,2,7,ouroboros,2,15,1,Walk The Moon,Shut Up And Dance,Lead,genre_pop,S01 C092,
s02_c174_i12_atmosphere_beat,LIC_0063_Beat,11643,i12,Playlist,1,12,phase,9,15,2,Kaskade,Atmosphere,Beat,genre_electronic,S02 C174,
s01_c094_i04_bringmetolife_loop,LIC_0062_Loop,11724,i04,Playlist,1,7,ouroboros,4,15,1,Evanescence,Bring Me To Life (ft. Paul McCoy),Loop,genre_rock,S01 C094,
s02_c125_i09_merehuso_loop,LIC_0153_Loop,11869,i09,Playlist,1,9,verdant,5,15,2,Danny Ocean,Me RehÃºso,Loop,genre_latin,S02 C125,
s01_c084_i03_cantfeelmyface_beat,LIC_0001_Beat,12010,i03,Playlist,1,6,mirrors,9,15,1,The Weeknd,Can't Feel My Face,Beat,genre_pop genre_rnb,S01 C084,
s01_c240_i13_eclipser_fx,FX_0045,12016,i13,Discovery,3,16,puff,15,15,1,Eclipser,fx_clear_lead,FX,genre_fx,S01 C240,
s01_c097_i04_shutupanddance_loop,LIC_0042_Loop,12136,i04,Playlist,3,7,ouroboros,7,15,1,Walk The Moon,Shut Up And Dance,Loop,genre_pop,S01 C097,
s01_c270_i15_packmentality_fx,FX_0033,12246,i15,Discovery,2,18,breaker,15,15,1,Pack Mentality,fx_bonus_synth,FX,genre_fx,S01 C270,
s02_c051_i04_cantletgo_loop,LIC_0038_Loop,12408,i04,Playlist,2,4,flora,6,15,2,Lucinda Williams,Can't Let Go,Loop,genre_country,S02 C051,
s01_c229_i13_barbrastreisand_lead,LIC_0090_Lead,12421,i13,Discovery,3,16,puff,4,15,1,Duck Sauce,Barbra Streisand,Lead,genre_electronic,S01 C229,
s01_c166_i09_bluemonday_wild,LIC_0010_Wild,12585,i09,Playlist,2,12,chiller,1,15,1,New Order,Blue Monday,Wild,genre_electronic,S01 C166,
s01_c039_i01_strychninebaby_beat,HMX_0040_Beat,12641,i01,Starter,1,3,theblade,9,15,1,Warlords of the Old West,Strychnine Baby,Beat,genre_rock,S01 C039,
s01_c022_i01_idontlikeitiloveit_loop,LIC_0110_Loop,12736,i01,Starter,3,2,highness,7,15,1,Flo Rida,"I Don't Like It, I Love It (ft. Robin Thicke, Verdine White)",Loop,genre_hiphop genre_pop,S01 C022,
s02_c060_i04_sweetrelief_fx,FX_0058,12977,i04,Playlist,2,4,flora,15,15,2,Sweet Relief,fx_clear_synth,FX,genre_fx,S02 C060,
s01_c043_i01_bringmetolife_bass,LIC_0062_Bass,13263,i01,Starter,3,3,theblade,13,15,1,Evanescence,Bring Me To Life (ft. Paul McCoy),Bass,genre_rock,S01 C043,
s01_c103_i04_sing_bass,LIC_0053_Bass,13316,i04,Playlist,3,7,ouroboros,13,15,1,Ed Sheeran,Sing,Bass,genre_pop,S01 C103,
s01_c296_i17_daysaheaddaysbehind_bass,HMX_0046_Bass,13351,i17,Discovery,1,20,moonlight,11,15,1,Some Lover,"Days Ahead, Days Behind",Bass,genre_country genre_rock,S01 C296,
s02_c235_i16_heartofglass_beat,LIC_0174_Beat,13943,i16,Playlist,2,16,fantastic,10,15,2,Blondie,Heart Of Glass,Beat,genre_rock,S02 C235,
s02_c233_i16_guitek_beat,HMX_0073_Beat,14008,i16,Playlist,1,16,fantastic,8,15,2,DJ Steve Porter,Guitek,Beat,genre_electronic,S02 C233,
s01_c083_i03_temperature_beat,LIC_0124_Beat,14403,i03,Playlist,1,6,mirrors,8,15,1,Sean Paul,Temperature,Beat,genre_hiphop genre_reggae,S01 C083,
s01_c142_i07_hartand12th_loop,HMX_0009_Loop,14516,i07,Playlist,3,10,flawless,7,15,1,Blanks,Hart and 12th,Loop,genre_electronic,S01 C142,
s01_c049_i01_breakformevipmix_loop,HMX_0030_Loop,14596,i01,Starter,1,4,controller,4,15,1,James Landino,Break For Me VIP Mix (ft. Noelle LeBlanc),Loop,genre_electronic genre_pop,S01 C049,
s02_c195_i13_animalsfx1_fx,FX_0069_FX,14601,i13,Playlist,3,13,instinct,15,15,2,In The Air,fx_bonus_bassbeat,FX,genre_fx,S02 C195,
s02_c170_i12_loudplaces_loop,LIC_0173_Loop,14682,i12,Playlist,1,12,phase,5,15,2,Jamie xx,Loud Places (ft. Romy),Loop,genre_electronic,S02 C170,
s01_c137_i07_noscrubs_lead,LIC_0143_Lead,14758,i07,Playlist,2,10,flawless,2,15,1,TLC,No Scrubs,Lead,genre_pop genre_rnb,S01 C137,
s02_c168_i12_morethanyouknow_lead,LIC_0067_Lead,14813,i12,Playlist,3,12,phase,3,15,2,Axwell /\ Ingrosso,More Than You Know,Lead,genre_electronic,S02 C168,
s01_c073_i02_chandelier_bass,LIC_0029_Bass,14846,i02,Playlist,3,5,derby,13,15,1,Sia,Chandelier,Bass,genre_pop,S01 C073,
s01_c254_i14_racingthrough_fx,FX_0015,15235,i14,Discovery,2,17,fever,14,15,1,Racing Through,fx_action_lead,FX,genre_fx,S01 C254,
s02_c139_i10_magentabenz_loop,HMX_0069_Loop,15262,i10,Playlist,1,10,rhymer,4,15,2,D'Von Riice,Magenta Benz,Loop,genre_hiphop,S02 C139,
s01_c185_i10_thenightporter_loop,HMX_0045_Loop,15386,i10,Discovery,1,13,dapper,5,15,1,Winnage,The Night Porter,Loop,genre_electronic genre_rnb,S01 C185,
s01_c115_i05_somatic_beat,HMX_0024_Beat,15490,i05,Playlist,2,8,astro,10,15,1,CrackCase,Somatic,Beat,genre_electronic,S01 C115,
s01_c011_i01_lamordidita_beat,LIC_0056_Beat,15705,i01,Starter,3,1,sweets,11,15,1,Ricky Martin,La Mordidita (ft. Yotuel),Beat,genre_latin genre_pop,S01 C011,
s01_c165_i08_firstchair_fx,FX_0029,16089,i08,Playlist,2,11,bomb,15,15,1,First Chair,fx_bonus_strings,FX,genre_fx,S01 C165,
s01_c086_i03_scenario_beat,LIC_0099_Beat,16118,i03,Playlist,3,6,mirrors,11,15,1,A Tribe Called Quest,Scenario,Beat,genre_hiphop,S01 C086,
s01_c246_i14_callmemaybe_loop,LIC_0055_Loop,16119,i14,Discovery,2,17,fever,6,15,1,Carly Rae Jepsen,Call Me Maybe,Loop,genre_pop,S01 C246,
s01_c197_i11_takeu4aride_lead,HMX_0042_Lead,16186,i11,Discovery,1,14,seer,2,15,1,Righteous Palms Crew,Take U 4 A Ride,Lead,genre_electronic genre_pop,S01 C197,
s02_c183_i13_animalsm5_lead,LIC_0169_Lead,16242,i13,Playlist,3,13,instinct,3,15,2,Maroon 5,Animals,Lead,genre_pop,S02 C183,
s02_c052_i04_greenlight_loop,LIC_0006_Loop,16303,i04,Playlist,3,4,flora,7,15,2,Lorde,Green Light,Loop,genre_pop,S02 C052,
s01_c149_i07_thedominant_fx,FX_0037,16361,i07,Playlist,2,10,flawless,14,15,1,The Dominant,fx_bonus_vocals,FX,genre_fx,S01 C149,
s01_c163_i08_themefrombrokenprotocol_bass,HMX_0033_Bass,16651,i08,Playlist,3,11,bomb,13,15,1,Victoria Chance,Theme From Broken Protocol,Bass,genre_classical genre_soundtrack,S01 C163,
s01_c241_i14_brickhouse_wild,LIC_0135_Wild,16700,i14,Discovery,2,17,fever,1,15,1,Commodores,Brick House,Wild,genre_rnb,S01 C241,
s01_c268_i15_likeag6_bass,LIC_0136_Bass,16797,i15,Discovery,3,18,breaker,13,15,1,Far East Movement,Like A G6 (ft. The Cataracs & DEV),Bass,genre_electronic genre_hiphop,S01 C268,
s01_c213_i12_shortskirtlongjacket_lead,LIC_0113_Lead,16873,i12,Discovery,2,15,hightower,3,15,1,CAKE,Short Skirt/Long Jacket,Lead,genre_rock,S01 C213,
s01_c231_i13_dokidokisummerdays_loop,HMX_0026_Loop,17373,i13,Discovery,2,16,puff,6,15,1,Kyangi 3,Doki Doki Summer Days,Loop,genre_electronic genre_soundtrack,S01 C231,
s01_c172_i09_moonlab_loop,HMX_0025_Loop,17464,i09,Playlist,3,12,chiller,7,15,1,Lossage,Moon Lab,Loop,genre_electronic,S01 C172,
s01_c235_i13_genghiskhan_beat,LIC_0107_Beat,17827,i13,Discovery,3,16,puff,10,15,1,Miike Snow,Genghis Khan,Beat,genre_electronic,S01 C235,
s02_c053_i04_hideaway_beat,LIC_0070_Beat,17947,i04,Playlist,1,4,flora,8,15,2,Kiesza,Hideaway,Beat,genre_electronic,S02 C053,
s02_c038_i03_royceplease_beat,HMX_0008_Beat,18292,i03,Playlist,1,3,city,8,15,2,Beast Business,Royce Please,Beat,genre_hiphop,S02 C038,
s01_c130_i06_houseparty_beat,LIC_0074_Beat,18612,i06,Playlist,2,9,lucky,10,15,1,Sam Hunt,House Party,Beat,genre_country,S01 C130,
s02_c185_i13_whenthingsfallapart_loop,HMX_0076_Loop,18979,i13,Playlist,1,13,instinct,5,15,2,Eddie Japan,When Things Fall Apart,Loop,genre_pop,S02 C185,
s02_c138_i10_manoftheyear_lead,LIC_0025_Lead,19010,i10,Playlist,3,10,rhymer,3,15,2,ScHoolboy Q,Man of the Year,Lead,genre_hiphop,S02 C138,
s02_c041_i03_bustamove_beat,LIC_0134_Beat,19100,i03,Playlist,3,3,city,11,15,2,Young M.C.,Bust A Move,Beat,genre_hiphop,S02 C041,
s01_c200_i11_grimetime_loop,HMX_0027_Loop,19371,i11,Discovery,1,14,seer,5,15,1,5 Bladed,GrimeTime,Loop,genre_electronic,S01 C200,
s01_c294_i17_mustbenice_beat,HMX_0035_Beat,19963,i17,Discovery,2,20,moonlight,9,15,1,Connecticut River Boys,Must Be Nice,Beat,genre_country,S01 C294,
s01_c230_i13_wishinihaditnow_loop,HMX_0043_Loop,19986,i13,Discovery,1,16,puff,5,15,1,Billzantium,Wishin' I Had It Now,Loop,genre_electronic,S01 C230,
s01_c021_i01_itstricky_loop,LIC_0111_Loop,20159,i01,Starter,2,2,highness,6,15,1,Run-D.M.C.,It's Tricky,Loop,genre_hiphop,S01 C021,
s01_c273_i16_thegamegotyou_lead,HMX_0007_Lead,20344,i16,Discovery,2,19,socket,3,15,1,Skrewbert,The Game Got You,Lead,genre_electronic,S01 C273,
s01_c147_i07_allaboutthatbass_bass,LIC_0054_Bass,20399,i07,Playlist,2,10,flawless,12,15,1,Meghan Trainor,All About That Bass,Bass,genre_pop genre_rnb,S01 C147,
s01_c216_i12_radioactive_loop,LIC_0138_Loop,20662,i12,Discovery,2,15,hightower,6,15,1,Imagine Dragons,Radioactive,Loop,genre_pop genre_rock,S01 C216,
s01_c281_i16_radioactive_bass,LIC_0138_Bass,20811,i16,Discovery,1,19,socket,11,15,1,Imagine Dragons,Radioactive,Bass,genre_pop genre_rock,S01 C281,
s01_c271_i16_apunk_wild,LIC_0147_Wild,20932,i16,Discovery,2,19,socket,1,15,1,Vampire Weekend,A-Punk,Wild,genre_rock,S01 C271,
s02_c237_i16_morethanyouknow_bass,LIC_0067_Bass,20933,i16,Playlist,2,16,fantastic,12,15,2,Axwell /\ Ingrosso,More Than You Know,Bass,genre_electronic,S02 C237,
s01_c143_i07_idontlikeitiloveit_beat,LIC_0110_Beat,21010,i07,Playlist,1,10,flawless,8,15,1,Flo Rida,"I Don't Like It, I Love It (ft. Robin Thicke, Verdine White)",Beat,genre_hiphop genre_pop,S01 C143,
s02_c148_i10_attention_bass,LIC_0150_Bass,21030,i10,Playlist,3,10,rhymer,13,15,2,Charlie Puth,Attention,Bass,genre_pop genre_rnb,S02 C148,
s01_c220_i12_parabola_beat,HMX_0021_Beat,21041,i12,Discovery,3,15,hightower,10,15,1,Black Astrolabe,Parabola,Beat,genre_rock,S01 C220,
s02_c173_i12_morethanyouknow_beat,LIC_0067_Beat,21098,i12,Playlist,1,12,phase,8,15,2,Axwell /\ Ingrosso,More Than You Know,Beat,genre_electronic,S02 C173,
s01_c003_i01_chandelier_lead,LIC_0029_Lead,21211,i01,Starter,3,1,sweets,3,15,1,Sia,Chandelier,Lead,genre_pop,S01 C003,
s01_c169_i09_thisonenotthatone_loop,HMX_0006_Loop,21366,i09,Playlist,1,12,chiller,4,15,1,Altar State,This One Not That One,Loop,genre_electronic,S01 C169,
s01_c027_i01_scenario_bass,LIC_0099_Bass,21376,i01,Starter,2,2,highness,12,15,1,A Tribe Called Quest,Scenario,Bass,genre_hiphop,S01 C027,
s01_c167_i09_breakformevipmix_lead,HMX_0030_Lead,21387,i09,Playlist,2,12,chiller,2,15,1,James Landino,Break For Me VIP Mix (ft. Noelle LeBlanc),Lead,genre_electronic genre_pop,S01 C167,
s02_c017_i02_allidoiswin_lead,LIC_0023_Lead,21482,i02,Playlist,2,2,energy,2,15,2,DJ Khaled,All I Do Is Win (ft. T-Pain),Lead,genre_hiphop,S02 C017,
s01_c262_i15_goodvibrations_loop,LIC_0139_Loop,21716,i15,Discovery,3,18,breaker,7,15,1,Marky Mark & the Funky Bunch,Good Vibrations (ft. Loleatta Holloway),Loop,genre_hiphop genre_pop,S01 C262,
s01_c179_i09_minorlift_fx,FX_0031,21875,i09,Playlist,1,12,chiller,14,15,1,Minor Lift,fx_bonus_level1,FX,genre_fx,S01 C179,
s01_c307_i03_beatboxer_beat,HMX_0050_Beat,21909,i03,Playlist,3,21,baffler,7,,1,Davis Franklin,Beatboxer,Beat,,S01 C307,
s02_c055_i04_submerged_beat,HMX_0037_Beat,21984,i04,Playlist,2,4,flora,10,15,2,Jackson Oak,Submerged,Beat,genre_rock,S02 C055,
s01_c287_i17_mustbenice_lead,HMX_0035_Lead,22094,i17,Discovery,1,20,moonlight,2,15,1,Connecticut River Boys,Must Be Nice,Lead,genre_country,S01 C287,
s01_c064_i02_dexting_loop,HMX_0048_Loop,22805,i02,Playlist,1,5,derby,4,15,1,Candy Kettles,Dexting,Loop,genre_electronic genre_pop,S01 C064,
s01_c242_i14_youdidntbutyouhadto_lead,HMX_0028_Lead,22983,i14,Discovery,1,17,fever,2,15,1,Francesca Sonora,You Didn't But You Had To,Lead,genre_pop,S01 C242,
s01_c206_i11_itstricky_bass,LIC_0111_Bass,23161,i11,Discovery,1,14,seer,11,15,1,Run-D.M.C.,It's Tricky,Bass,genre_hiphop,S01 C206,
s01_c029_i01_flameout_fx,FX_0036,23472,i01,Starter,2,2,highness,14,15,1,Flame Out,fx_bonus_beat,FX,genre_fx,S01 C029,
s01_c247_i14_youdidntbutyouhadto_loop,HMX_0028_Loop,23661,i14,Discovery,3,17,fever,7,15,1,Francesca Sonora,You Didn't But You Had To,Loop,genre_pop,S01 C247,
s01_c283_i16_emperorsnewclothes_bass,LIC_0146_Bass,23766,i16,Discovery,3,19,socket,13,15,1,Panic! At The Disco,Emperor's New Clothes,Bass,genre_pop genre_rock,S01 C283,
s02_c143_i10_attention_beat,LIC_0150_Beat,23789,i10,Playlist,1,10,rhymer,8,15,2,Charlie Puth,Attention,Beat,genre_pop genre_rnb,S02 C143,
s01_c158_i08_boomboompow_beat,LIC_0013_Beat,24112,i08,Playlist,1,11,bomb,8,15,1,The Black Eyed Peas,Boom Boom Pow,Beat,genre_hiphop genre_pop,S01 C158,
s02_c245_i09_wholetthedogsout_lead,LIC_0165_Lead,24163,i09,Playlist,3,17,baffler,13,12,2,Baha Men,Who Let The Dogs Out,Lead,genre_hiphop,S02 C245,
s01_c048_i01_wanttowantme_lead,LIC_0118_Lead,24237,i01,Starter,3,4,controller,3,15,1,Jason Derulo,Want To Want Me,Lead,genre_pop genre_rnb,S01 C048,
s01_c191_i10_ifyougetdown_bass,HMX_0031_Bass,24294,i10,Discovery,1,13,dapper,11,15,1,Grant Pike,If You Get Down,Bass,genre_pop genre_rnb,S01 C191,
s01_c261_i15_barcoded_loop,HMX_0044_Loop,24479,i15,Discovery,2,18,breaker,6,15,1,Macrotape,Barcoded,Loop,genre_electronic genre_rock,S01 C261,
s01_c295_i17_saveahorse_beat,LIC_0097_Beat,24497,i17,Discovery,3,20,moonlight,10,15,1,Big & Rich,Save a Horse (Ride a Cowboy),Beat,genre_country,S01 C295,
s01_c236_i13_themotherweshare_bass,LIC_0048_Bass,24600,i13,Discovery,1,16,puff,11,15,1,CHVRCHES,The Mother We Share,Bass,genre_electronic,S01 C236,
s01_c255_i14_soaringabove_fx,FX_0030,24667,i14,Discovery,2,17,fever,15,15,1,Soaring Above,fx_bonus_lead,FX,genre_fx,S01 C255,
s01_c232_i13_barbrastreisand_loop,LIC_0090_Loop,24996,i13,Discovery,3,16,puff,7,15,1,Duck Sauce,Barbra Streisand,Loop,genre_electronic,S01 C232,
s02_c232_i16_morethanyouknow_loop,LIC_0067_Loop,25158,i16,Playlist,3,16,fantastic,7,15,2,Axwell /\ Ingrosso,More Than You Know,Loop,genre_electronic,S02 C232,
s01_c110_i05_fermionic_loop,HMX_0014_Loop,25206,i05,Playlist,1,8,astro,5,15,1,The Venona Project,Fermionic,Loop,genre_electronic,S01 C110,
s02_c176_i12_pompeii_beat,LIC_0003_Beat,25260,i12,Playlist,3,12,phase,11,15,2,Bastille,Pompeii,Beat,genre_pop,S02 C176,
s01_c159_i08_themefrombrokenprotocol_beat,HMX_0033_Beat,25415,i08,Playlist,1,11,bomb,9,15,1,Victoria Chance,Theme From Broken Protocol,Beat,genre_classical genre_soundtrack,S01 C159,
s01_c259_i15_idontlikeitiloveit_lead,LIC_0110_Lead,25451,i15,Discovery,3,18,breaker,4,15,1,Flo Rida,"I Don't Like It, I Love It (ft. Robin Thicke, Verdine White)",Lead,genre_hiphop genre_pop,S01 C259,
s02_c227_i16_cheapthrills_lead,LIC_0005_Lead,26465,i16,Playlist,2,16,fantastic,2,15,2,Sia,Cheap Thrills (ft. Sean Paul),Lead,genre_pop,S02 C227,
s01_c122_i06_homegrown_lead,LIC_0016_Lead,26487,i06,Playlist,2,9,lucky,2,15,1,Zac Brown Band,Homegrown,Lead,genre_country,S01 C122,
s01_c114_i05_saymyname_beat,LIC_0126_Beat,26754,i05,Playlist,1,8,astro,9,15,1,ODESZA,Say My Name (ft. Zyra),Beat,genre_electronic,S01 C114,
s01_c067_i02_iwantyouback_loop,LIC_0052_Loop,27005,i02,Playlist,3,5,derby,7,15,1,The Jackson 5,I Want You Back,Loop,genre_pop genre_rnb,S01 C067,
s02_c031_i03_fadeaway_wild,LIC_0032_Wild,27085,i03,Playlist,2,3,city,1,15,2,Logic,Fade Away,Wild,genre_hiphop,S02 C031,
s02_c180_i12_scififx2_fx,FX_0074_FX,27121,i12,Playlist,2,12,phase,15,15,2,Formation Delta,fx_clear_loopbass,FX,genre_fx,S02 C180,
s01_c095_i04_findyou_loop,HMX_0016_Loop,27248,i04,Playlist,1,7,ouroboros,5,15,1,Nightfeels,Find You,Loop,genre_pop genre_rock,S01 C095,
s02_c046_i04_burn_wild,LIC_0028_Wild,27487,i04,Playlist,2,4,flora,1,15,2,Ellie Goulding,Burn,Wild,genre_electronic genre_pop,S02 C046,
s01_c087_i03_atomichandbrake_bass,HMX_0022_Bass,27813,i03,Playlist,2,6,mirrors,12,15,1,Bullwheel,Atomic Handbrake,Bass,genre_hiphop,S01 C087,
s01_c119_i05_componentsynthesis_fx,FX_0034,27902,i05,Playlist,2,8,astro,14,15,1,Component Synthesis,fx_bonus_songmatch,FX,genre_fx,S01 C119,
s01_c291_i17_homegrown_loop,LIC_0016_Loop,28338,i17,Discovery,2,20,moonlight,6,15,1,Zac Brown Band,Homegrown,Loop,genre_country,S01 C291,
s01_c193_i10_goodvibrations_bass,LIC_0139_Bass,28390,i10,Discovery,3,13,dapper,13,15,1,Marky Mark & the Funky Bunch,Good Vibrations (ft. Loleatta Holloway),Bass,genre_hiphop genre_pop,S01 C193,
s01_c008_i01_hardlight_beat,HMX_0001_Beat,28800,i01,Starter,1,1,sweets,8,15,1,Freda Turner,Hard Light,Beat,genre_electronic genre_pop,S01 C008,
s01_c171_i09_themotherweshare_loop,LIC_0048_Loop,28823,i09,Playlist,2,12,chiller,6,15,1,CHVRCHES,The Mother We Share,Loop,genre_electronic,S01 C171,
s02_c126_i09_darteunbeso_loop,LIC_0162_Loop,28964,i09,Playlist,2,9,verdant,6,15,2,Prince Royce,Darte un Beso,Loop,genre_latin,S02 C126,
s01_c264_i15_goodvibrations_beat,LIC_0139_Beat,29216,i15,Discovery,2,18,breaker,9,15,1,Marky Mark & the Funky Bunch,Good Vibrations (ft. Loleatta Holloway),Beat,genre_hiphop genre_pop,S01 C264,
s02_c242_i02_upallnight_beat,HMX_0055_Beat,29710,i02,Playlist,3,17,baffler,10,12,2,Connecticut River Boys,Up All Night,Beat,genre_country,S02 C242,
s01_c134_i06_quietwisdom_fx,FX_0027,30189,i06,Playlist,2,9,lucky,14,15,1,Quiet Wisdom,fx_bonus_empty,FX,genre_fx,S01 C134,
s01_c217_i12_theexquisitecorpse_loop,HMX_0004_Loop,30335,i12,Discovery,3,15,hightower,7,15,1,Pale Shivers,The Exquisite Corpse,Loop,genre_rock,S01 C217,
s01_c138_i07_allaboutthatbass_lead,LIC_0054_Lead,30378,i07,Playlist,3,10,flawless,3,15,1,Meghan Trainor,All About That Bass,Lead,genre_pop genre_rnb,S01 C138,
s01_c211_i12_thefinalcountdown_wild,LIC_0121_Wild,30905,i12,Discovery,2,15,hightower,1,15,1,Europe,The Final Countdown,Wild,genre_rock,S01 C211,
s01_c168_i09_takeovercontrol_lead,LIC_0076_Lead,31023,i09,Playlist,3,12,chiller,3,15,1,Afrojack,Take Over Control (ft. Eva Simons),Lead,genre_electronic,S01 C168,
s02_c049_i04_submerged_loop,HMX_0037_Loop,31588,i04,Playlist,1,4,flora,4,15,2,Jackson Oak,Submerged,Loop,genre_rock,S02 C049,
s02_c140_i10_679_loop,LIC_0057_Loop,31592,i10,Playlist,1,10,rhymer,5,15,2,Fetty Wap,679 (ft. Remy Boyz),Loop,genre_hiphop,S02 C140,
s01_c024_i01_allfrazzled_beat,HMX_0010_Beat,31754,i01,Starter,1,2,highness,9,15,1,Charm Syndicate,All Frazzled,Beat,genre_hiphop,S01 C024,
s02_c141_i10_manoftheyear_loop,LIC_0025_Loop,31764,i10,Playlist,2,10,rhymer,6,15,2,ScHoolboy Q,Man of the Year,Loop,genre_hiphop,S02 C141,
s02_c025_i02_unbelievable_beat,LIC_0021_Beat,31907,i02,Playlist,2,2,energy,10,15,2,EMF,Unbelievable,Beat,genre_rock,S02 C025,
s01_c219_i12_takemeout_beat,LIC_0045_Beat,31919,i12,Discovery,2,15,hightower,9,15,1,Franz Ferdinand,Take Me Out,Beat,genre_rock,S01 C219,
s01_c272_i16_takemeout_lead,LIC_0045_Lead,32060,i16,Discovery,1,19,socket,2,15,1,Franz Ferdinand,Take Me Out,Lead,genre_rock,S01 C272,
s01_c303_i09_bakerstreet_lead,LIC_0144_Lead,32334,i09,Playlist,3,21,baffler,3,,1,Harmonix Music,Baker Street,Lead,,S01 C303,
s01_c070_i02_dexting_beat,HMX_0048_Beat,32543,i02,Playlist,2,5,derby,10,15,1,Candy Kettles,Dexting,Beat,genre_electronic genre_pop,S01 C070,
s01_c256_i15_jungleboogie_wild,LIC_0035_Wild,32742,i15,Discovery,2,18,breaker,1,15,1,Kool & the Gang,Jungle Boogie,Wild,genre_electronic genre_rnb,S01 C256,
s01_c174_i09_closer_beat,LIC_0088_Beat,32779,i09,Playlist,1,12,chiller,9,15,1,The Chainsmokers,Closer (ft. Halsey),Beat,genre_electronic genre_pop,S01 C174,
s01_c300_i17_conspiracyofravens_fx,FX_0043,33005,i17,Discovery,3,20,moonlight,15,15,1,Conspiracy of Ravens,fx_clear_bass,FX,genre_fx,S01 C300,
s01_c140_i07_msjackson_loop,LIC_0125_Loop,33032,i07,Playlist,1,10,flawless,5,15,1,OutKast,Ms. Jackson,Loop,genre_hiphop,S01 C140,
s01_c152_i08_pumpupthejam_lead,LIC_0095_Lead,33537,i08,Playlist,2,11,bomb,2,15,1,Technotronic,Pump Up The Jam,Lead,genre_electronic,S01 C152,
s01_c139_i07_cherrycordial_loop,HMX_0034_Loop,33582,i07,Playlist,1,10,flawless,4,15,1,Danny Humbles,Cherry Cordial,Loop,genre_pop,S01 C139,
s02_c039_i03_slackjaw_beat,HMX_0005_Beat,33607,i03,Playlist,1,3,city,9,15,2,Spectral Interference,Slackjaw,Beat,genre_electronic,S02 C039,
s01_c202_i11_centuries_loop,LIC_0141_Loop,33678,i11,Discovery,3,14,seer,7,15,1,Fall Out Boy,Centuries,Loop,genre_pop genre_rock,S01 C202,
s01_c062_i02_iwantyouback_lead,LIC_0052_Lead,33696,i02,Playlist,2,5,derby,2,15,1,The Jackson 5,I Want You Back,Lead,genre_pop genre_rnb,S01 C062,
s01_c260_i15_dontyoudare_loop,HMX_0023_Loop,33805,i15,Discovery,1,18,breaker,5,15,1,Free Sheets,Don't You Dare,Loop,genre_hiphop,S01 C260,
s01_c033_i01_sing_lead,LIC_0053_Lead,34560,i01,Starter,3,3,theblade,3,15,1,Ed Sheeran,Sing,Lead,genre_pop,S01 C033,
s01_c009_i01_crystalbeach_beat,HMX_0013_Beat,34627,i01,Starter,1,1,sweets,9,15,1,The Lingala Sound,Crystal Beach,Beat,genre_electronic genre_pop,S01 C009,
s02_c240_i16_psychedelicfx1_fx,FX_0081_FX,34675,i16,Playlist,3,16,fantastic,15,15,2,Cover The Bases,fx_cover_empty_plus1,FX,genre_fx,S02 C240,
s01_c233_i13_sing_beat,LIC_0053_Beat,34992,i13,Discovery,1,16,puff,8,15,1,Ed Sheeran,Sing,Beat,genre_pop,S01 C233,
s01_c289_i17_everyrosehasitsthorn_lead,LIC_0106_Lead,35018,i17,Discovery,3,20,moonlight,4,15,1,Poison,Every Rose Has Its Thorn,Lead,genre_rock,S01 C289,
s02_c020_i02_gravityassist_loop,HMX_0015_Loop,35065,i02,Playlist,1,2,energy,5,15,2,Qufu,Gravity Assist,Loop,genre_electronic,S02 C020,
s02_c043_i03_humble_bass,LIC_0061_Bass,35069,i03,Playlist,3,3,city,13,15,2,Kendrick Lamar,HUMBLE.,Bass,genre_hiphop,S02 C043,
s01_c045_i01_theheartlessone_fx,FX_0044,35213,i01,Starter,2,3,theblade,15,15,1,The Heartless One,fx_clear_beat,FX,genre_fx,S01 C045,
s02_c243_i03_sanfordsontheme_loop,LIC_0103_Loop,35588,i03,Playlist,3,17,baffler,11,12,2,Harmonix Music,Sanford & Son Theme (The Streetbeater),Loop,genre_rnb genre_soundtrack,S02 C243,
s01_c096_i04_inhonorof_loop,HMX_0036_Loop,35886,i04,Playlist,2,7,ouroboros,6,15,1,A Clutch of Heart Shards,In Honor Of...,Loop,genre_pop genre_rock,S01 C096,
s01_c082_i03_pushit_loop,LIC_0092_Loop,35889,i03,Playlist,3,6,mirrors,7,15,1,Salt-N-Pepa,Push It,Loop,genre_hiphop,S01 C082,
s01_c079_i03_larrysplace_loop,HMX_0032_Loop,36161,i03,Playlist,1,6,mirrors,4,15,1,Bignums,Larry's Place (Part II),Loop,genre_hiphop,S01 C079,
s02_c133_i09_straightup_bass,LIC_0039_Bass,36166,i09,Playlist,3,9,verdant,13,15,2,Paula Abdul,Straight Up,Bass,genre_electronic genre_pop,S02 C133,
s01_c005_i01_crystalbeach_loop,HMX_0013_Loop,36313,i01,Starter,1,1,sweets,5,15,1,The Lingala Sound,Crystal Beach,Loop,genre_electronic genre_pop,S01 C005,
s01_c292_i17_everyrosehasitsthorn_loop,LIC_0106_Loop,36466,i17,Discovery,3,20,moonlight,7,15,1,Poison,Every Rose Has Its Thorn,Loop,genre_rock,S01 C292,
s01_c218_i12_theexquisitecorpse_beat,HMX_0004_Beat,36496,i12,Discovery,1,15,hightower,8,15,1,Pale Shivers,The Exquisite Corpse,Beat,genre_rock,S01 C218,
s01_c186_i10_iwillsurvive_loop,LIC_0109_Loop,36649,i10,Discovery,2,13,dapper,6,15,1,Gloria Gaynor,I Will Survive,Loop,genre_electronic genre_rnb,S01 C186,
s01_c059_i01_assertorder_fx,FX_0024,36704,i01,Starter,2,4,controller,14,15,1,Assert Order,fx_bonus_bass,FX,genre_fx,S01 C059,
s01_c136_i07_workfromhome_wild,LIC_0148_Wild,36738,i07,Playlist,2,10,flawless,1,15,1,Fifth Harmony,Work From Home,Wild,genre_pop genre_rnb,S01 C136,
s01_c080_i03_atomichandbrake_loop,HMX_0022_Loop,36904,i03,Playlist,1,6,mirrors,5,15,1,Bullwheel,Atomic Handbrake,Loop,genre_hiphop,S01 C080,
s01_c052_i01_takeovercontrol_loop,LIC_0076_Loop,36970,i01,Starter,3,4,controller,7,15,1,Afrojack,Take Over Control (ft. Eva Simons),Loop,genre_electronic,S01 C052,
s02_c178_i12_foranangel_bass,LIC_0156_Bass,36981,i12,Playlist,3,12,phase,13,15,2,Paul van Dyk,For An Angel (PvD Remix â€™09),Bass,genre_electronic,S02 C178,
s01_c063_i02_iwillsurvive_lead,LIC_0109_Lead,37332,i02,Playlist,3,5,derby,3,15,1,Gloria Gaynor,I Will Survive,Lead,genre_electronic genre_rnb,S01 C063,
s01_c155_i08_themefrombrokenprotocol_loop,HMX_0033_Loop,37692,i08,Playlist,1,11,bomb,5,15,1,Victoria Chance,Theme From Broken Protocol,Loop,genre_classical genre_soundtrack,S01 C155,
s01_c034_i01_sing_loop,LIC_0053_Loop,37913,i01,Starter,1,3,theblade,4,15,1,Ed Sheeran,Sing,Loop,genre_pop,S01 C034,
s01_c148_i07_cherrycordial_bass,HMX_0034_Bass,37915,i07,Playlist,3,10,flawless,13,15,1,Danny Humbles,Cherry Cordial,Bass,genre_pop,S01 C148,
s01_c116_i05_fermionic_beat,HMX_0014_Beat,37973,i05,Playlist,3,8,astro,11,15,1,The Venona Project,Fermionic,Beat,genre_electronic,S01 C116,
s02_c181_i13_gangnamstyle_wild,LIC_0172_Wild,38146,i13,Playlist,2,13,instinct,1,15,2,PSY,Gangnam Style,Wild,genre_electronic genre_pop,S02 C181,
s02_c035_i03_crankthat_loop,LIC_0033_Loop,38179,i03,Playlist,1,3,city,5,15,2,Soulja Boy Tell 'Em,Crank That (Soulja Boy),Loop,genre_hiphop,S02 C035,
s01_c046_i01_bangarang_wild,LIC_0075_Wild,38327,i01,Starter,2,4,controller,1,15,1,Skrillex,Bangarang (ft. Sirah),Wild,genre_electronic,S01 C046,
s02_c246_i10_theraven_lead,HMX_0075_Lead,38564,i10,Playlist,3,17,baffler,14,12,2,Edgar Allan Poe,The Raven,Lead,genre_soundtrack,S02 C246,
s02_c047_i04_ayo_lead,LIC_0009_Lead,38888,i04,Playlist,2,4,flora,2,15,2,Lady Gaga,A-YO,Lead,genre_pop,S02 C047,
s01_c074_i02_searchingwithin_fx,FX_0041,38970,i02,Playlist,2,5,derby,14,15,1,Searching Within,fx_cards_search,FX,,S01 C074,
s01_c014_i01_liftyourvoice_fx,FX_0022,39238,i01,Starter,2,1,sweets,14,15,1,Lift Your Voice,fx_action_vocals,FX,genre_fx,S01 C014,
s01_c117_i05_closer_bass,LIC_0088_Bass,39288,i05,Playlist,2,8,astro,12,15,1,The Chainsmokers,Closer (ft. Halsey),Bass,genre_electronic genre_pop,S01 C117,
s01_c015_i01_clearyourmind_fx,FX_0047,39314,i01,Starter,2,1,sweets,15,15,1,Clear Your Mind,fx_clear_random1,FX,genre_fx,S01 C015,
s02_c129_i09_darteunbeso_beat,LIC_0162_Beat,39320,i09,Playlist,1,9,verdant,9,15,2,Prince Royce,Darte un Beso,Beat,genre_latin,S02 C129,
s01_c164_i08_thirdwave_fx,FX_0014,39685,i08,Playlist,2,11,bomb,14,15,1,Third Wave,fx_action_strings,FX,genre_fx,S01 C164,
s01_c125_i06_abileneanddown_loop,HMX_0002_Loop,39745,i06,Playlist,1,9,lucky,5,15,1,The Last Cavallard,Abilene and Down,Loop,genre_country,S01 C125,
s01_c151_i08_amiwrong_wild,LIC_0142_Wild,39988,i08,Playlist,2,11,bomb,1,15,1,Anderson .Paak,Am I Wrong (ft. ScHoolboy Q),Wild,genre_hiphop genre_rnb,S01 C151,
s01_c160_i08_pushit_beat,LIC_0092_Beat,40080,i08,Playlist,2,11,bomb,10,15,1,Salt-N-Pepa,Push It,Beat,genre_hiphop,S01 C160,
s02_c177_i12_atmosphere_bass,LIC_0063_Bass,40180,i12,Playlist,2,12,phase,12,15,2,Kaskade,Atmosphere,Bass,genre_electronic,S02 C177,
s01_c002_i01_callmemaybe_lead,LIC_0055_Lead,40759,i01,Starter,2,1,sweets,2,15,1,Carly Rae Jepsen,Call Me Maybe,Lead,genre_pop,S01 C002,
s01_c282_i16_justabouttosnap_bass,HMX_0020_Bass,40781,i16,Discovery,2,19,socket,12,15,1,Pinhole Cage,Just About to Snap,Bass,genre_rock,S01 C282,
s01_c245_i14_unanochemas_loop,HMX_0012_Loop,40782,i14,Discovery,1,17,fever,5,15,1,La Guerra Naranja,Una Noche MÃ¡s,Loop,genre_latin genre_pop,S01 C245,
s01_c071_i02_allaboutthatbass_beat,LIC_0054_Beat,40821,i02,Playlist,3,5,derby,11,15,1,Meghan Trainor,All About That Bass,Beat,genre_pop genre_rnb,S01 C071,
s01_c061_i02_superfreak_wild,LIC_0127_Wild,40837,i02,Playlist,2,5,derby,1,15,1,Rick James,Super Freak,Wild,genre_electronic genre_rnb,S01 C061,
s01_c279_i16_larrysplace_beat,HMX_0032_Beat,40997,i16,Discovery,2,19,socket,9,15,1,Bignums,Larry's Place (Part II),Beat,genre_hiphop,S01 C279,
s02_c132_i09_fireball_bass,LIC_0026_Bass,41475,i09,Playlist,2,9,verdant,12,15,2,Pitbull,Fireball (ft. John Ryan),Bass,genre_hiphop genre_latin,S02 C132,
s01_c298_i17_homegrown_bass,LIC_0016_Bass,42021,i17,Discovery,3,20,moonlight,13,15,1,Zac Brown Band,Homegrown,Bass,genre_country,S01 C298,
s02_c230_i16_taintedlove_loop,LIC_0163_Loop,42204,i16,Playlist,1,16,fantastic,5,15,2,Soft Cell,Tainted Love,Loop,genre_pop,S02 C230,
s02_c238_i16_cheapthrills_bass,LIC_0005_Bass,42435,i16,Playlist,3,16,fantastic,13,15,2,Sia,Cheap Thrills (ft. Sean Paul),Bass,genre_pop,S02 C238,
s01_c144_i07_msjackson_beat,LIC_0125_Beat,42636,i07,Playlist,1,10,flawless,9,15,1,OutKast,Ms. Jackson,Beat,genre_hiphop,S01 C144,
s01_c190_i10_iwillsurvive_beat,LIC_0109_Beat,42806,i10,Discovery,3,13,dapper,10,15,1,Gloria Gaynor,I Will Survive,Beat,genre_electronic genre_rnb,S01 C190,
s01_c019_i01_allfrazzled_loop,HMX_0010_Loop,43068,i01,Starter,1,2,highness,4,15,1,Charm Syndicate,All Frazzled,Loop,genre_hiphop,S01 C019,
s01_c265_i15_barcoded_beat,HMX_0044_Beat,43257,i15,Discovery,3,18,breaker,10,15,1,Macrotape,Barcoded,Beat,genre_electronic genre_rock,S01 C265,
s01_c101_i04_emperorsnewclothes_beat,LIC_0146_Beat,43778,i04,Playlist,3,7,ouroboros,11,15,1,Panic! At The Disco,Emperor's New Clothes,Beat,genre_pop genre_rock,S01 C101,
s01_c189_i10_chandelier_beat,LIC_0029_Beat,43833,i10,Discovery,2,13,dapper,9,15,1,Sia,Chandelier,Beat,genre_pop,S01 C189,
s01_c269_i15_guardianspirit_fx,FX_0018,43943,i15,Discovery,2,18,breaker,14,15,1,Guardian Spirit,fx_action_sampler,FX,genre_fx,S01 C269,
s01_c036_i01_shortskirtlongjacket_loop,LIC_0113_Loop,44011,i01,Starter,2,3,theblade,6,15,1,CAKE,Short Skirt/Long Jacket,Loop,genre_rock,S01 C036,
s01_c118_i05_fermionic_bass,HMX_0014_Bass,44156,i05,Playlist,3,8,astro,13,15,1,The Venona Project,Fermionic,Bass,genre_electronic,S01 C118,
s01_c145_i07_hartand12th_beat,HMX_0009_Beat,44415,i07,Playlist,2,10,flawless,10,15,1,Blanks,Hart and 12th,Beat,genre_electronic,S01 C145,
s01_c069_i02_thisishowyouleftme_beat,HMX_0039_Beat,44453,i02,Playlist,1,5,derby,9,15,1,Marlon Kane,This Is How You Left Me,Beat,genre_rnb,S01 C069,
s02_c226_i16_whatislove_wild,LIC_0051_Wild,44548,i16,Playlist,2,16,fantastic,1,15,2,Haddaway,What Is Love,Wild,genre_electronic genre_pop,S02 C226,
s02_c134_i09_tropicalfx2_fx,FX_0078_FX,44701,i09,Playlist,2,9,verdant,14,15,2,Par De Fuerzas,fx_action_songmatch,FX,genre_fx,S02 C134,
s01_c051_i01_saymyname_loop,LIC_0126_Loop,45133,i01,Starter,2,4,controller,6,15,1,ODESZA,Say My Name (ft. Zyra),Loop,genre_electronic,S01 C051,
s01_c004_i01_lamordidita_loop,LIC_0056_Loop,45134,i01,Starter,1,1,sweets,4,15,1,Ricky Martin,La Mordidita (ft. Yotuel),Loop,genre_latin genre_pop,S01 C004,
s01_c293_i17_rowdierthebetter_beat,HMX_0041_Beat,45262,i17,Discovery,1,20,moonlight,8,15,1,Boot Steel,Rowdier the Better,Beat,genre_country genre_pop,S01 C293,
s02_c023_i02_levels_beat,LIC_0017_Beat,45371,i02,Playlist,1,2,energy,8,15,2,Nick Jonas,Levels,Beat,genre_pop,S02 C023,
s01_c266_i15_noscrubs_bass,LIC_0143_Bass,45544,i15,Discovery,1,18,breaker,11,15,1,TLC,No Scrubs,Bass,genre_pop genre_rnb,S01 C266,
s01_c088_i03_msjackson_bass,LIC_0125_Bass,45565,i03,Playlist,3,6,mirrors,13,15,1,OutKast,Ms. Jackson,Bass,genre_hiphop,S01 C088,
s01_c060_i01_embracechaos_fx,FX_0048,45662,i01,Starter,2,4,controller,15,15,1,Embrace Chaos,fx_score_minus2,FX,genre_fx,S01 C060,
s01_c035_i01_strychninebaby_loop,HMX_0040_Loop,45674,i01,Starter,1,3,theblade,5,15,1,Warlords of the Old West,Strychnine Baby,Loop,genre_rock,S01 C035,
s01_c081_i03_mainmistarpraimhoon_loop,HMX_0003_Loop,45731,i03,Playlist,2,6,mirrors,6,15,1,Dillzan Madan,Main Mistar Praim Hoon (I Am Mister Prime),Loop,genre_pop genre_soundtrack,S01 C081,
s02_c252_i16_lossleader_bass,HMX_0074_Bass,45835,i16,Playlist,3,17,baffler,20,12,2,The Sweep Oars,Loss Leader,Bass,genre_electronic,S02 C252,
s02_c194_i13_animalsfx2_fx,FX_0070_FX,45957,i13,Playlist,2,13,instinct,14,15,2,With The Pack,fx_cover_lead_draw1,FX,genre_fx,S02 C194,
s01_c222_i12_kingoftheworld_bass,LIC_0145_Bass,45998,i12,Discovery,2,15,hightower,12,15,1,Weezer,King Of The World,Bass,genre_pop genre_rock,S01 C222,
s02_c147_i10_mainmistarpraimhoon_bass,HMX_0003_Bass,46010,i10,Playlist,2,10,rhymer,12,15,2,Dillzan Madan,Main Mistar Praim Hoon (I Am Mister Prime),Bass,genre_pop genre_soundtrack,S02 C147,
s02_c128_i09_1977_beat,LIC_0059_Beat,46149,i09,Playlist,1,9,verdant,8,15,2,Ana Tijoux,1977,Beat,genre_latin,S02 C128,
s01_c187_i10_ifyougetdown_loop,HMX_0031_Loop,46200,i10,Discovery,3,13,dapper,7,15,1,Grant Pike,If You Get Down,Loop,genre_pop genre_rnb,S01 C187,
s01_c199_i11_temperature_lead,LIC_0124_Lead,46226,i11,Discovery,3,14,seer,4,15,1,Sean Paul,Temperature,Lead,genre_hiphop genre_reggae,S01 C199,
s01_c113_i05_sexyandiknowit_beat,LIC_0060_Beat,46319,i05,Playlist,1,8,astro,8,15,1,LMFAO,Sexy And I Know It,Beat,genre_electronic genre_hiphop,S01 C113,
s01_c072_i02_iwillsurvive_bass,LIC_0109_Bass,46377,i02,Playlist,2,5,derby,12,15,1,Gloria Gaynor,I Will Survive,Bass,genre_electronic genre_rnb,S01 C072,
s01_c209_i11_alacrity_fx,FX_0016,46490,i11,Discovery,2,14,seer,14,15,1,Alacrity,fx_action_level1,FX,genre_fx,S01 C209,
s02_c193_i13_gimmechocolate_bass,LIC_0022_Bass,46636,i13,Playlist,3,13,instinct,13,15,2,BABYMETAL,Gimme Chocolate!!,Bass,genre_rock,S02 C193,
s02_c171_i12_bluemonday_loop,LIC_0010_Loop,46695,i12,Playlist,2,12,phase,6,15,2,New Order,Blue Monday,Loop,genre_electronic genre_rock,S02 C171,
s01_c146_i07_cherrycordial_beat,HMX_0034_Beat,46717,i07,Playlist,3,10,flawless,11,15,1,Danny Humbles,Cherry Cordial,Beat,genre_pop,S01 C146,
s02_c231_i16_superfreak_loop,LIC_0127_Loop,46890,i16,Playlist,2,16,fantastic,6,15,2,Rick James,Super Freak,Loop,genre_electronic genre_rnb,S02 C231,
s01_c150_i07_thetriumphant_fx,FX_0026,47006,i07,Playlist,3,10,flawless,15,15,1,The Triumphant,fx_bonus_beatloop,FX,genre_fx,S01 C150,
s01_c068_i02_callmemaybe_beat,LIC_0055_Beat,47111,i02,Playlist,1,5,derby,8,15,1,Carly Rae Jepsen,Call Me Maybe,Beat,genre_pop,S01 C068,
s02_c124_i09_1977_loop,LIC_0059_Loop,47428,i09,Playlist,1,9,verdant,4,15,2,Ana Tijoux,1977,Loop,genre_latin,S02 C124,
s01_c207_i11_iwantyouback_bass,LIC_0052_Bass,47619,i11,Discovery,2,14,seer,12,15,1,The Jackson 5,I Want You Back,Bass,genre_pop genre_rnb,S01 C207,
s02_c144_i10_679_beat,LIC_0057_Beat,47727,i10,Playlist,1,10,rhymer,9,15,2,Fetty Wap,679 (ft. Remy Boyz),Beat,genre_hiphop,S02 C144,
s02_c131_i09_straightup_beat,LIC_0039_Beat,47733,i09,Playlist,3,9,verdant,11,15,2,Paula Abdul,Straight Up,Beat,genre_electronic genre_pop,S02 C131,
s01_c302_i05_doctorwhotheme_lead,LIC_0131_Lead,47765,i05,Playlist,3,21,baffler,2,,1,Harmonix Music,Doctor Who Theme,Lead,,S01 C302,
s01_c221_i12_takemeout_bass,LIC_0045_Bass,47806,i12,Discovery,1,15,hightower,11,15,1,Franz Ferdinand,Take Me Out,Bass,genre_rock,S01 C221,
s01_c132_i06_everyrosehasitsthorn_bass,LIC_0106_Bass,48144,i06,Playlist,2,9,lucky,12,15,1,Poison,Every Rose Has Its Thorn,Bass,genre_rock,S01 C132,
s01_c306_i07_wipeout_loop,LIC_0133_Loop,48540,i07,Playlist,3,21,baffler,6,,1,Harmonix Music,Wipe Out,Loop,,S01 C306,
s02_c189_i13_whenthingsfallapart_beat,HMX_0076_Beat,48832,i13,Playlist,1,13,instinct,9,15,2,Eddie Japan,When Things Fall Apart,Beat,genre_pop,S02 C189,
s01_c006_i01_chandelier_loop,LIC_0029_Loop,48885,i01,Starter,2,1,sweets,6,15,1,Sia,Chandelier,Loop,genre_pop,S01 C006,
s02_c034_i03_fireball_loop,LIC_0026_Loop,49076,i03,Playlist,1,3,city,4,15,2,Pitbull,Fireball (ft. John Ryan),Loop,genre_hiphop genre_latin,S02 C034,
s01_c301_i02_5thsymphony_lead,HMX_0049_Lead,49784,i02,Playlist,3,21,baffler,1,,1,Ludwig van Beethoven,Symphony No. 5 in C minor,Lead,,S01 C301,
s01_c188_i10_ifyougetdown_beat,HMX_0031_Beat,49934,i10,Discovery,1,13,dapper,8,15,1,Grant Pike,If You Get Down,Beat,genre_pop genre_rnb,S01 C188,
s01_c210_i11_acrimony_fx,FX_0046,49970,i11,Discovery,2,14,seer,15,15,1,Acrimony,fx_clear_loop,FX,genre_fx,S01 C210,
s01_c251_i14_lamordidita_bass,LIC_0056_Bass,50076,i14,Discovery,1,17,fever,11,15,1,Ricky Martin,La Mordidita (ft. Yotuel),Bass,genre_latin genre_pop,S01 C251,
s01_c028_i01_cantfeelmyface_bass,LIC_0001_Bass,50233,i01,Starter,3,2,highness,13,15,1,The Weeknd,Can't Feel My Face,Bass,genre_pop genre_rnb,S01 C028,
s01_c041_i01_radioactive_beat,LIC_0138_Beat,50250,i01,Starter,3,3,theblade,11,15,1,Imagine Dragons,Radioactive,Beat,genre_pop genre_rock,S01 C041,
s02_c184_i13_attention_loop,LIC_0150_Loop,50432,i13,Playlist,1,13,instinct,4,15,2,Charlie Puth,Attention,Loop,genre_pop genre_rnb,S02 C184,
s02_c136_i10_dang_wild,LIC_0050_Wild,50448,i10,Playlist,2,10,rhymer,1,15,2,Mac Miller,Dang! (ft. Anderson .Paak),Wild,genre_hiphop,S02 C136,
s01_c177_i09_moonlab_bass,HMX_0025_Bass,50702,i09,Playlist,2,12,chiller,12,15,1,Lossage,Moon Lab,Bass,genre_electronic,S01 C177,
s02_c149_i10_storybookfx2_fx,FX_0076_FX,50875,i10,Playlist,2,10,rhymer,14,15,2,The Thaumaturge,fx_cover_bass_draw1,FX,genre_fx,S02 C149,
s01_c025_i01_likeag6_beat,LIC_0136_Beat,51207,i01,Starter,2,2,highness,10,15,1,Far East Movement,Like A G6 (ft. The Cataracs & DEV),Beat,genre_electronic genre_hiphop,S01 C025,
s01_c102_i04_inhonorof_bass,HMX_0036_Bass,51360,i04,Playlist,2,7,ouroboros,12,15,1,A Clutch of Heart Shards,In Honor Of...,Bass,genre_pop genre_rock,S01 C102,
s02_c026_i02_laserdome_beat,HMX_0011_Beat,51633,i02,Playlist,3,2,energy,11,15,2,Pseudoprime,Laser Dome,Beat,genre_electronic,S02 C026,
s01_c205_i11_iwantyouback_beat,LIC_0052_Beat,51642,i11,Discovery,3,14,seer,10,15,1,The Jackson 5,I Want You Back,Beat,genre_pop genre_rnb,S01 C205,
s02_c042_i03_royceplease_bass,HMX_0008_Bass,51936,i03,Playlist,2,3,city,12,15,2,Beast Business,Royce Please,Bass,genre_hiphop,S02 C042,
s01_c093_i04_emperorsnewclothes_lead,LIC_0146_Lead,51953,i04,Playlist,3,7,ouroboros,3,15,1,Panic! At The Disco,Emperor's New Clothes,Lead,genre_pop genre_rock,S01 C093,
s02_c121_i09_conga_wild,LIC_0036_Wild,52382,i09,Playlist,2,9,verdant,1,15,2,Gloria Estefan,Conga,Wild,genre_latin,S02 C121,
s01_c203_i11_grimetime_beat,HMX_0027_Beat,52582,i11,Discovery,1,14,seer,8,15,1,5 Bladed,GrimeTime,Beat,genre_electronic,S01 C203,
s01_c018_i01_scenario_lead,LIC_0099_Lead,52734,i01,Starter,3,2,highness,3,15,1,A Tribe Called Quest,Scenario,Lead,genre_hiphop,S01 C018,
s02_c036_i03_slackjaw_loop,HMX_0005_Loop,52862,i03,Playlist,2,3,city,6,15,2,Spectral Interference,Slackjaw,Loop,genre_electronic,S02 C036,
s01_c258_i15_larrysplace_lead,HMX_0032_Lead,52894,i15,Discovery,2,18,breaker,3,15,1,Bignums,Larry's Place (Part II),Lead,genre_hiphop,S01 C258,
s01_c250_i14_unanochemas_beat,HMX_0012_Beat,53177,i14,Discovery,3,17,fever,10,15,1,La Guerra Naranja,Una Noche MÃ¡s,Beat,genre_latin genre_pop,S01 C250,
s01_c120_i05_dimensionalshift_fx,FX_0040,53256,i05,Playlist,2,8,astro,15,15,1,Dimensional Shift,fx_cards_redrawhand,FX,genre_fx,S01 C120,
s01_c016_i01_heartbeat_wild,LIC_0137_Wild,53353,i01,Starter,2,2,highness,1,15,1,Childish Gambino,Heartbeat,Wild,genre_hiphop genre_rnb,S01 C016,
s01_c053_i01_wishinihaditnow_beat,HMX_0043_Beat,53354,i01,Starter,1,4,controller,8,15,1,Billzantium,Wishin' I Had It Now,Beat,genre_electronic,S01 C053,
s02_c167_i12_loudplaces_lead,LIC_0173_Lead,53677,i12,Playlist,2,12,phase,2,15,2,Jamie xx,Loud Places (ft. Romy),Lead,genre_electronic,S02 C167,
s01_c153_i08_boomboompow_lead,LIC_0013_Lead,53678,i08,Playlist,3,11,bomb,3,15,1,The Black Eyed Peas,Boom Boom Pow,Lead,genre_hiphop genre_pop,S01 C153,
s02_c192_i13_merehuso_bass,LIC_0153_Bass,53968,i13,Playlist,2,13,instinct,12,15,2,Danny Ocean,Me Rehúso,Bass,genre_latin,S02 C192,
s01_c201_i11_takeu4aride_loop,HMX_0042_Loop,53998,i11,Discovery,2,14,seer,6,15,1,Righteous Palms Crew,Take U 4 A Ride,Loop,genre_electronic genre_pop,S01 C201,
s01_c124_i06_rowdierthebetter_loop,HMX_0041_Loop,54194,i06,Playlist,1,9,lucky,4,15,1,Boot Steel,Rowdier the Better,Loop,genre_country genre_pop,S01 C124,
s01_c112_i05_wanttowantme_loop,LIC_0118_Loop,54355,i05,Playlist,3,8,astro,7,15,1,Jason Derulo,Want To Want Me,Loop,genre_pop genre_rnb,S01 C112,
s01_c040_i01_shortskirtlongjacket_beat,LIC_0113_Beat,54391,i01,Starter,2,3,theblade,10,15,1,CAKE,Short Skirt/Long Jacket,Beat,genre_rock,S01 C040,
s01_c274_i16_centuries_lead,LIC_0141_Lead,54580,i16,Discovery,3,19,socket,4,15,1,Fall Out Boy,Centuries,Lead,genre_pop genre_rock,S01 C274,
s02_c024_i02_gravityassist_beat,HMX_0015_Beat,54665,i02,Playlist,1,2,energy,9,15,2,Qufu,Gravity Assist,Beat,genre_electronic,S02 C024,
s01_c180_i09_majorfall_fx,FX_0050,54747,i09,Playlist,3,12,chiller,15,15,1,Major Fall,fx_score_minus3both,FX,genre_fx,S01 C180,
s01_c065_i02_thisishowyouleftme_loop,HMX_0039_Loop,54814,i02,Playlist,1,5,derby,5,15,1,Marlon Kane,This Is How You Left Me,Loop,genre_rnb,S01 C065,
s01_c141_i07_noscrubs_loop,LIC_0143_Loop,55055,i07,Playlist,2,10,flawless,6,15,1,TLC,No Scrubs,Loop,genre_pop genre_rnb,S01 C141,
s01_c214_i12_radioactive_lead,LIC_0138_Lead,55208,i12,Discovery,3,15,hightower,4,15,1,Imagine Dragons,Radioactive,Lead,genre_pop genre_rock,S01 C214,
s01_c066_i02_hardlight_loop,HMX_0001_Loop,55391,i02,Playlist,2,5,derby,6,15,1,Freda Turner,Hard Light,Loop,genre_electronic genre_pop,S01 C066,
s01_c239_i13_pulsar_fx,FX_0017,55513,i13,Discovery,2,16,puff,14,15,1,Pulsar,fx_bonus_sampler,FX,genre_fx,S01 C239,
s02_c130_i09_lacamisanegra_beat,LIC_0178_Beat,55657,i09,Playlist,2,9,verdant,10,15,2,Juanes,La Camisa Negra,Beat,genre_latin,S02 C130,
s02_c135_i09_tropicalfx1_fx,FX_0077_FX,56106,i09,Playlist,3,9,verdant,15,15,2,Colores De Flores,fx_bonus_leadloop,FX,genre_fx,S02 C135,
s01_c099_i04_findyou_beat,HMX_0016_Beat,56644,i04,Playlist,1,7,ouroboros,9,15,1,Nightfeels,Find You,Beat,genre_pop genre_rock,S01 C099,
s01_c249_i14_poison_beat,LIC_0112_Beat,56711,i14,Discovery,2,17,fever,9,15,1,Bell Biv DeVoe,Poison,Beat,genre_rnb,S01 C249,
s01_c075_i02_kickingitout_fx,FX_0023,56790,i02,Playlist,3,5,derby,15,15,1,Kicking It Out,fx_bonus_allcolors,FX,,S01 C075,
s02_c122_i09_merehuso_lead,LIC_0153_Lead,56976,i09,Playlist,2,9,verdant,2,15,2,Danny Ocean,Me RehÃºso,Lead,genre_latin,S02 C122,
s01_c161_i08_betterwakeup_beat,HMX_0019_Beat,57289,i08,Playlist,3,11,bomb,11,15,1,Joliet,Better Wake Up,Beat,genre_hiphop,S01 C161,
s01_c054_i01_breakformevipmix_beat,HMX_0030_Beat,57385,i01,Starter,1,4,controller,9,15,1,James Landino,Break For Me VIP Mix (ft. Noelle LeBlanc),Beat,genre_electronic genre_pop,S01 C054,
s01_c106_i05_kids_wild,LIC_0098_Wild,57425,i05,Playlist,2,8,astro,1,15,1,MGMT,Kids,Wild,genre_electronic genre_rock,S01 C106,
s01_c252_i14_shutupanddance_bass,LIC_0042_Bass,57809,i14,Discovery,2,17,fever,12,15,1,Walk The Moon,Shut Up And Dance,Bass,genre_pop,S01 C252,
s01_c275_i16_justabouttosnap_loop,HMX_0020_Loop,57916,i16,Discovery,1,19,socket,5,15,1,Pinhole Cage,Just About to Snap,Loop,genre_rock,S01 C275,
s02_c040_i03_fireball_beat,LIC_0026_Beat,57925,i03,Playlist,2,3,city,10,15,2,Pitbull,Fireball (ft. John Ryan),Beat,genre_hiphop genre_latin,S02 C040,
s01_c248_i14_shutupanddance_beat,LIC_0042_Beat,57939,i14,Discovery,1,17,fever,8,15,1,Walk The Moon,Shut Up And Dance,Beat,genre_pop,S01 C248,
s02_c150_i10_storybookfx1_fx,FX_0075_FX,58022,i10,Playlist,3,10,rhymer,15,15,2,The Songstress,fx_bonus_stringsdrumshorns,FX,genre_fx,S02 C150,
s01_c031_i01_downwiththesickness_wild,LIC_0002_Wild,58033,i01,Starter,2,3,theblade,1,15,1,Disturbed,Down With The Sickness,Wild,genre_rock,S01 C031,
s01_c208_i11_takeu4aride_bass,HMX_0042_Bass,58122,i11,Discovery,3,14,seer,13,15,1,Righteous Palms Crew,Take U 4 A Ride,Bass,genre_electronic genre_pop,S01 C208,
s02_c169_i12_pompeii_loop,LIC_0003_Loop,58215,i12,Playlist,1,12,phase,4,15,2,Bastille,Pompeii,Loop,genre_pop,S02 C169,
s01_c001_i01_24kmagic_wild,LIC_0058_Wild,58231,i01,Starter,2,1,sweets,1,15,1,Bruno Mars,24K Magic,Wild,genre_pop genre_rnb,S01 C001,
s01_c107_i05_genghiskhan_lead,LIC_0107_Lead,58266,i05,Playlist,2,8,astro,2,15,1,Miike Snow,Genghis Khan,Lead,genre_electronic,S01 C107,
s01_c030_i01_rollup_fx,FX_0049,58403,i01,Starter,3,2,highness,15,15,1,Roll Up,fx_cards_draw1,FX,genre_fx,S01 C030,
s01_c010_i01_themotherweshare_beat,LIC_0048_Beat,58502,i01,Starter,2,1,sweets,10,15,1,CHVRCHES,The Mother We Share,Beat,genre_electronic,S01 C010,
s02_c182_i13_attention_lead,LIC_0150_Lead,58532,i13,Playlist,2,13,instinct,2,15,2,Charlie Puth,Attention,Lead,genre_pop genre_rnb,S02 C182,
s01_c121_i06_blownaway_wild,LIC_0072_Wild,58767,i06,Playlist,2,9,lucky,1,15,1,Carrie Underwood,Blown Away,Wild,genre_country genre_pop,S01 C121,
s02_c145_i10_thebreaks_beat,LIC_0047_Beat,58905,i10,Playlist,2,10,rhymer,10,15,2,Kurtis Blow,The Breaks,Beat,genre_hiphop,S02 C145,
s01_c225_i12_facemelter_fx,FX_0028,58972,i12,Discovery,2,15,hightower,15,15,1,Face Melter,fx_bonus_guitar,FX,genre_fx,S01 C225,
s01_c100_i04_kingoftheworld_beat,LIC_0145_Beat,59223,i04,Playlist,2,7,ouroboros,10,15,1,Weezer,King Of The World,Beat,genre_pop genre_rock,S01 C100,
s01_c173_i09_wanttowantme_beat,LIC_0118_Beat,59258,i09,Playlist,1,12,chiller,8,15,1,Jason Derulo,Want To Want Me,Beat,genre_pop genre_rnb,S01 C173,
s01_c195_i10_headrush_fx,FX_0032,59298,i10,Discovery,2,13,dapper,15,15,1,Head Rush,fx_action_horns,FX,genre_fx,S01 C195,
s02_c172_i12_foranangel_loop,LIC_0156_Loop,59612,i12,Playlist,3,12,phase,7,15,2,Paul van Dyk,For An Angel (PvD Remix â€™09),Loop,genre_electronic,S02 C172,
s01_c154_i08_cantfeelmyface_loop,LIC_0001_Loop,59670,i08,Playlist,1,11,bomb,4,15,1,The Weeknd,Can't Feel My Face,Loop,genre_pop genre_rnb,S01 C154,
s01_c037_i01_kingoftheworld_loop,LIC_0145_Loop,59763,i01,Starter,3,3,theblade,7,15,1,Weezer,King Of The World,Loop,genre_pop genre_rock,S01 C037,
s01_c286_i17_jolene_wild,LIC_0071_Wild,60612,i17,Discovery,2,20,moonlight,1,15,1,Dolly Parton,Jolene,Wild,genre_country,S01 C286,
s01_c050_i01_closer_loop,LIC_0088_Loop,60632,i01,Starter,1,4,controller,5,15,1,The Chainsmokers,Closer (ft. Halsey),Loop,genre_electronic genre_pop,S01 C050,
s01_c237_i13_dokidokisummerdays_bass,HMX_0026_Bass,60665,i13,Discovery,2,16,puff,12,15,1,Kyangi 3,Doki Doki Summer Days,Bass,genre_electronic genre_soundtrack,S01 C237,
s01_c176_i09_thisonenotthatone_beat,HMX_0006_Beat,60699,i09,Playlist,3,12,chiller,11,15,1,Altar State,This One Not That One,Beat,genre_electronic,S01 C176,
s01_c108_i05_saymyname_lead,LIC_0126_Lead,60793,i05,Playlist,3,8,astro,3,15,1,ODESZA,Say My Name (ft. Zyra),Lead,genre_electronic,S01 C108,
s01_c184_i10_goodvibrations_lead,LIC_0139_Lead,60880,i10,Discovery,3,13,dapper,4,15,1,Marky Mark & the Funky Bunch,Good Vibrations (ft. Loleatta Holloway),Lead,genre_hiphop genre_pop,S01 C184,
s01_c178_i09_saymyname_bass,LIC_0126_Bass,60884,i09,Playlist,3,12,chiller,13,15,1,ODESZA,Say My Name (ft. Zyra),Bass,genre_electronic,S01 C178,
s02_c056_i04_cantletgo_beat,LIC_0038_Beat,61045,i04,Playlist,3,4,flora,11,15,2,Lucinda Williams,Can't Let Go,Beat,genre_country,S02 C056,
s02_c146_i10_magentabenz_beat,HMX_0069_Beat,61100,i10,Playlist,3,10,rhymer,11,15,2,D'Von Riice,Magenta Benz,Beat,genre_hiphop,S02 C146,
s02_c234_i16_taintedlove_beat,LIC_0163_Beat,61217,i16,Playlist,1,16,fantastic,9,15,2,Soft Cell,Tainted Love,Beat,genre_pop,S02 C234,
s01_c057_i01_wanttowantme_bass,LIC_0118_Bass,61223,i01,Starter,2,4,controller,12,15,1,Jason Derulo,Want To Want Me,Bass,genre_pop genre_rnb,S01 C057,
s02_c188_i13_merehuso_beat,LIC_0153_Beat,61237,i13,Playlist,1,13,instinct,8,15,2,Danny Ocean,Me Rehúso,Beat,genre_latin,S02 C188,
s02_c048_i04_greenlight_lead,LIC_0006_Lead,61274,i04,Playlist,3,4,flora,3,15,2,Lorde,Green Light,Lead,genre_pop,S02 C048,
s01_c058_i01_sexyandiknowit_bass,LIC_0060_Bass,61529,i01,Starter,3,4,controller,13,15,1,LMFAO,Sexy And I Know It,Bass,genre_electronic genre_hiphop,S01 C058,
s01_c263_i15_dontyoudare_beat,HMX_0023_Beat,61694,i15,Discovery,1,18,breaker,8,15,1,Free Sheets,Don't You Dare,Beat,genre_hiphop,S01 C263,
s01_c234_i13_dokidokisummerdays_beat,HMX_0026_Beat,61840,i13,Discovery,2,16,puff,9,15,1,Kyangi 3,Doki Doki Summer Days,Beat,genre_electronic genre_soundtrack,S01 C234,
s02_c016_i02_moveslikejagger_wild,LIC_0019_Wild,61936,i02,Playlist,2,2,energy,1,15,2,Maroon 5,Moves Like Jagger (ft. Christina Aguilera),Wild,genre_pop,S02 C016,
s01_c170_i09_deadmetrocard_loop,HMX_0017_Loop,62019,i09,Playlist,1,12,chiller,5,15,1,Tiny Taps,Dead Metrocard,Loop,genre_electronic,S01 C170,
s01_c076_i03_pony_wild,LIC_0115_Wild,62052,i03,Playlist,2,6,mirrors,1,15,1,Ginuwine,Pony,Wild,genre_rnb,S01 C076,
s01_c109_i05_genghiskhan_loop,LIC_0107_Loop,62396,i05,Playlist,1,8,astro,4,15,1,Miike Snow,Genghis Khan,Loop,genre_electronic,S01 C109,
s01_c194_i10_heartsong_fx,FX_0021,62532,i10,Discovery,2,13,dapper,14,15,1,Heart Song,fx_bonus_horns,FX,genre_fx,S01 C194,
s01_c126_i06_saveahorse_loop,LIC_0097_Loop,62586,i06,Playlist,2,9,lucky,6,15,1,Big & Rich,Save a Horse (Ride a Cowboy),Loop,genre_country,S01 C126,
s01_c288_i17_houseparty_lead,LIC_0074_Lead,62928,i17,Discovery,2,20,moonlight,3,15,1,Sam Hunt,House Party,Lead,genre_country,S01 C288,
s01_c192_i10_hardlight_bass,HMX_0001_Bass,63095,i10,Discovery,2,13,dapper,12,15,1,Freda Turner,Hard Light,Bass,genre_electronic genre_pop,S01 C192,
s02_c050_i04_blownaway_loop,LIC_0072_Loop,63118,i04,Playlist,1,4,flora,5,15,2,Carrie Underwood,Blown Away,Loop,genre_country genre_pop,S02 C050,
s01_c285_i16_stylin_fx,FX_0020,63242,i16,Discovery,2,19,socket,15,15,1,Stylin',fx_action_synth,FX,genre_fx,S01 C285,
s01_c077_i03_pushit_lead,LIC_0092_Lead,63442,i03,Playlist,2,6,mirrors,2,15,1,Salt-N-Pepa,Push It,Lead,genre_hiphop,S01 C077,
s01_c044_i01_stringsoffate_fx,FX_0013,63477,i01,Starter,2,3,theblade,14,15,1,Strings of Fate,fx_action_guitar,FX,genre_fx,S01 C044,
s01_c299_i17_teamofhorses_fx,FX_0012,63860,i17,Discovery,2,20,moonlight,14,15,1,Team of Horses,fx_action_beat,FX,genre_fx,S01 C299,
s02_c229_i16_guitek_loop,HMX_0073_Loop,63877,i16,Playlist,1,16,fantastic,4,15,2,DJ Steve Porter,Guitek,Loop,genre_electronic,S02 C229,
s01_c111_i05_somatic_loop,HMX_0024_Loop,63909,i05,Playlist,2,8,astro,6,15,1,CrackCase,Somatic,Loop,genre_electronic,S01 C111,
s02_c236_i16_allidoiswin_beat,LIC_0023_Beat,64080,i16,Playlist,3,16,fantastic,11,15,2,DJ Khaled,All I Do Is Win (ft. T-Pain),Beat,genre_hiphop,S02 C236,
s01_c091_i04_allthesmallthings_wild,LIC_0105_Wild,64337,i04,Playlist,2,7,ouroboros,1,15,1,blink-182,All the Small Things,Wild,genre_pop genre_rock,S01 C091,
s01_c007_i01_allaboutthatbass_loop,LIC_0054_Loop,64417,i01,Starter,3,1,sweets,7,15,1,Meghan Trainor,All About That Bass,Loop,genre_pop genre_rnb,S01 C007,
s02_c187_i13_slurp_loop,HMX_0060_Loop,64458,i13,Playlist,3,13,instinct,7,15,2,Brain Beater,Power Sick,Loop,genre_electronic,S02 C187,
s02_c032_i03_humble_lead,LIC_0061_Lead,64585,i03,Playlist,2,3,city,2,15,2,Kendrick Lamar,HUMBLE.,Lead,genre_hiphop,S02 C032,
s01_c280_i16_centuries_beat,LIC_0141_Beat,64636,i16,Discovery,3,19,socket,10,15,1,Fall Out Boy,Centuries,Beat,genre_pop genre_rock,S01 C280,
s01_c017_i01_cantfeelmyface_lead,LIC_0001_Lead,64639,i01,Starter,2,2,highness,2,15,1,The Weeknd,Can't Feel My Face,Lead,genre_pop genre_rnb,S01 C017,
s01_c013_i01_callmemaybe_bass,LIC_0055_Bass,64664,i01,Starter,3,1,sweets,13,15,1,Carly Rae Jepsen,Call Me Maybe,Bass,genre_pop,S01 C013,
s01_c278_i16_bringmetolife_beat,LIC_0062_Beat,64760,i16,Discovery,1,19,socket,8,15,1,Evanescence,Bring Me To Life (ft. Paul McCoy),Beat,genre_rock,S01 C278,
s02_c057_i04_hideaway_bass,LIC_0070_Bass,65047,i04,Playlist,2,4,flora,12,15,2,Kiesza,Hideaway,Bass,genre_electronic,S02 C057,
s01_c085_i03_mainmistarpraimhoon_beat,HMX_0003_Beat,65176,i03,Playlist,2,6,mirrors,10,15,1,Dillzan Madan,Main Mistar Praim Hoon (I Am Mister Prime),Beat,genre_pop genre_soundtrack,S01 C085,
s02_c044_i03_underground_fx,FX_0055,65260,i03,Playlist,2,3,city,14,15,2,Underground,fx_clear_adjacent,FX,genre_fx,S02 C044,
s01_c226_i13_bustamove_wild,LIC_0134_Wild,65315,i13,Discovery,2,16,puff,1,15,1,Young M.C.,Bust A Move,Wild,genre_hiphop,S01 C226,
p01_c001_i01_maintitlesong_wild,LIC_0031_Wild,49600,i01,Promo,2,1,promo,1,,0,The Transformers,Main Title Song,Wild,genre_danceelec genre_soundtrack,P01 C001,
p01_c002_i01_flutterfly_wild,LIC_0185_Wild,64311,i01,Promo,2,1,promo,2,,0,Darren Korb,Flutter Fly (from the Pyre Original Soundtrack),Wild,genre_soundtrack,P01 C002,
p01_c003_i01_maintitlethemeremix_wild,LIC_0187_Wild,58017,i01,Promo,2,1,promo,3,,0,G.I. Joe,Main Title Theme (Remix),Wild,genre_danceelec genre_soundtrack,P01 C003,
p01_c004_i01_powerrangers_wild,LIC_0188_Wild,17592,i01,Promo,2,1,promo,4,,0,Mighty Morphin Power Rangers,Main Title Theme,Wild,genre_rock genre_soundtrack,P01 C004,
